temps,h
15,0.02857142857
20,0.06944444444
25,0.09615384615
30,0.1136363636
35,0.08130081301